{"i":1000,"val_loss_history":[0.60303083062172],"val_loss_history_it":[1000],"forward_backward_times":{},"opt":{"max_epochs":50,"checkpoint_every":1000,"batch_size":50,"memory_benchmark":0,"init_from":"","grad_clip":5,"model_type":"lstm","lr_decay_every":5,"print_every":1,"wordvec_size":64,"seq_length":50,"input_json":"data\/lyrics.json","num_layers":2,"input_h5":"data\/lyrics.h5","reset_iterations":1,"rnn_size":128,"dropout":0,"checkpoint_name":"cv\/checkpoint","batchnorm":0,"learning_rate":0.002,"speed_benchmark":0,"gpu_backend":"cuda","lr_decay_factor":0.5,"gpu":0},"train_loss_history":[4.3901391029358,3.7829945087433,3.3036777973175,2.8452188968658,2.4468121528625,2.0592749118805,1.7959589958191,1.5696430206299,1.4221543073654,1.5781090259552,1.5717219114304,1.4917006492615,1.388689994812,1.579251408577,1.4820791482925,1.4427371025085,1.3105288743973,1.4262362718582,1.2990545034409,1.2812595367432,1.2544249296188,1.2591023445129,1.2595729827881,1.2298458814621,1.2233560085297,1.2533701658249,1.2485957145691,1.1626448631287,1.1333750486374,1.1605427265167,1.2815845012665,1.2697352170944,1.2330504655838,1.2400094270706,1.3565649986267,1.3087788820267,1.3146307468414,1.2704433202744,1.4347115755081,1.2947924137115,1.2479470968246,1.0797742605209,1.0893670320511,0.98418623209,0.98148107528687,0.95913779735565,1.0027152299881,0.98586815595627,0.91332966089249,0.84073466062546,0.81551522016525,0.90118366479874,0.91025143861771,0.89409393072128,0.88145607709885,0.99452990293503,0.98346340656281,0.96890598535538,0.85479074716568,0.91967296600342,1.0177842378616,1.0009644031525,0.99527829885483,0.96609377861023,1.056489944458,0.99674022197723,1.0050038099289,0.99744629859924,1.0664615631104,0.97056132555008,0.93042540550232,0.90600967407227,0.93622148036957,0.8788782954216,0.85219687223434,0.86224365234375,0.9579228758812,0.97158777713776,0.970962703228,0.9402226805687,0.89111065864563,0.94477909803391,0.96901339292526,0.95643585920334,0.99088221788406,1.0635422468185,0.95955938100815,0.95261466503143,0.80934411287308,0.92018455266953,0.95475441217422,0.95451110601425,0.9424877166748,1.0596772432327,1.009953379631,1.0049639940262,0.96768116950989,1.0096119642258,1.1106909513474,1.1105635166168,1.0866026878357,1.0907485485077,1.1463106870651,1.1153590679169,1.0582095384598,1.0349895954132,1.1142681837082,1.1129515171051,1.0699796676636,1.0083383321762,1.066654920578,1.0120741128922,1.0017951726913,1.0180600881577,1.1120218038559,1.1192808151245,1.0744783878326,0.97551268339157,0.99112218618393,1.0520461797714,1.0152386426926,0.99392664432526,1.0018358230591,1.0393166542053,1.0868219137192,1.0471647977829,0.99338132143021,1.0535551309586,1.1006925106049,1.1223875284195,1.0926682949066,1.0712822675705,1.1329749822617,1.1169400215149,0.98715847730637,0.98503220081329,1.0856046676636,0.99753838777542,0.96895956993103,0.98604333400726,1.0926784276962,1.1148362159729,1.1138248443604,1.1096242666245,1.1315474510193,1.1323164701462,1.0948677062988,1.0395143032074,1.0891222953796,1.1446717977524,1.0948692560196,1.0765858888626,1.0592767000198,1.0787094831467,1.0567953586578,0.98744755983353,0.98269295692444,1.1056324243546,1.0985852479935,1.0954973697662,1.0505284070969,1.0929497480392,1.0996825695038,1.0393806695938,0.93515729904175,0.96520799398422,1.0059130191803,1.011016368866,0.99709033966064,1.0249052047729,1.082705616951,1.0186601877213,0.94549053907394,0.95988398790359,1.0620354413986,1.0128203630447,1.0136266946793,0.9931538105011,1.0655672550201,1.09550344944,1.011875629425,0.91831022500992,0.89735978841782,0.88190871477127,0.88992518186569,0.81323397159576,0.80873107910156,0.83411544561386,0.83071678876877,0.83389794826508,0.78555256128311,0.90188562870026,0.94388884305954,0.88101208209991,0.81147187948227,0.8807692527771,0.88187724351883,0.87595242261887,0.80167853832245,0.79297083616257,0.84483283758163,0.7926464676857,0.72217381000519,0.696781873703,0.72219771146774,0.76058286428452,0.74599605798721,0.73555243015289,0.78928565979004,0.803870677948,0.75788956880569,0.63856279850006,0.78521484136581,0.77368944883347,0.7362596988678,0.68036293983459,0.732850253582,0.77184122800827,0.77592241764069,0.77766275405884,0.79727613925934,0.89317667484283,0.8747683763504,0.81548029184341,0.84473425149918,0.9135759472847,0.87921100854874,0.89057284593582,0.82644993066788,0.9135844707489,0.85296642780304,0.77898234128952,0.65645062923431,0.66791558265686,0.67361986637115,0.68143081665039,0.6862850189209,0.7379994392395,0.79388642311096,0.74458807706833,0.65697646141052,0.67291653156281,0.75842487812042,0.74254059791565,0.71165150403976,0.75089877843857,0.82573074102402,0.85054492950439,0.76931375265121,0.66707468032837,0.75467550754547,0.80780881643295,0.80281913280487,0.76977175474167,0.82362538576126,0.86515039205551,0.88256603479385,0.74663853645325,0.77988946437836,0.80497366189957,0.75769913196564,0.75585955381393,0.78708404302597,0.77997690439224,0.72662037611008,0.73353081941605,0.70645952224731,0.73726266622543,0.69554543495178,0.68356037139893,0.68207240104675,0.66496020555496,0.7762137055397,0.76383328437805,0.74311488866806,0.68606048822403,0.82446211576462,0.82182550430298,0.80339562892914,0.73890203237534,0.83623212575912,0.77906137704849,0.76041662693024,0.78050667047501,0.76424503326416,0.76657354831696,0.75339061021805,0.74199348688126,0.81375056505203,0.79086291790009,0.73760175704956,0.75444054603577,0.77295142412186,0.81998771429062,0.87922275066376,0.82265681028366,0.82004171609879,0.93601280450821,0.8857461810112,0.89351946115494,0.86681836843491,0.96173876523972,0.91765254735947,0.88939636945724,0.71057784557343,0.73288816213608,0.65578889846802,0.66405594348907,0.63693535327911,0.69771093130112,0.66509240865707,0.62807935476303,0.57620543241501,0.54938560724258,0.59383738040924,0.61998581886292,0.62028789520264,0.606016933918,0.66662669181824,0.67330396175385,0.64702546596527,0.58014965057373,0.61101871728897,0.70279371738434,0.69065058231354,0.67734169960022,0.66251623630524,0.70855325460434,0.65550643205643,0.68678545951843,0.70274662971497,0.68904858827591,0.66340529918671,0.63358277082443,0.61717259883881,0.65364998579025,0.5891375541687,0.59505730867386,0.57764178514481,0.65020114183426,0.66023391485214,0.68882817029953,0.63281166553497,0.59967774152756,0.63991248607635,0.67673033475876,0.64673566818237,0.70057618618011,0.76849067211151,0.70127058029175,0.66652315855026,0.56611812114716,0.64351809024811,0.65685051679611,0.65548729896545,0.67193919420242,0.76182609796524,0.71156978607178,0.72037768363953,0.68139761686325,0.7355974316597,0.80068290233612,0.79251539707184,0.75503849983215,0.75865441560745,0.80912429094315,0.81699746847153,0.7809379696846,0.73125696182251,0.77824968099594,0.79869294166565,0.73468768596649,0.68359839916229,0.74814730882645,0.74105155467987,0.70216238498688,0.71582347154617,0.79509401321411,0.78801810741425,0.76260286569595,0.67620891332626,0.73214942216873,0.75087261199951,0.7235301733017,0.70936417579651,0.7105278968811,0.74657279253006,0.79139405488968,0.74928498268127,0.69642627239227,0.74561083316803,0.81577658653259,0.79564481973648,0.77640235424042,0.73949652910233,0.80301660299301,0.81866276264191,0.69123095273972,0.72533851861954,0.79590147733688,0.72142297029495,0.72218734025955,0.73434317111969,0.81886494159698,0.81606334447861,0.81348073482513,0.8164342045784,0.82492744922638,0.80970221757889,0.81612938642502,0.73464912176132,0.80261951684952,0.88031405210495,0.82481503486633,0.77088713645935,0.7725932598114,0.79439610242844,0.78671222925186,0.71878898143768,0.71861290931702,0.82731735706329,0.80711632966995,0.77922439575195,0.78145682811737,0.83523339033127,0.84495538473129,0.7728288769722,0.69374924898148,0.7168670296669,0.73504680395126,0.74569696187973,0.74297839403152,0.75312340259552,0.79633778333664,0.78076481819153,0.70805466175079,0.7204903960228,0.82483947277069,0.78136640787125,0.7503724694252,0.73064035177231,0.80427497625351,0.83737897872925,0.77022504806519,0.70043313503265,